{"has_child":1,"home_url":"http:\/\/sayna-travel-wordpress.local","root_flag":"custom","php_version":"8.1.9","mysql_version":"8.0.16","wp_version":"6.2.2","child_file":{"sayna-travel-wordpress.local_wpvivid-64b4d4e3657c3_2023-07-17-08-42_backup_db.zip":{"files":["sayna-travel-wordpress.local_wpvivid-64b4d4e3657c3_2023-07-17-08-42_backup_db.sql"],"tables":[{"name":"wp_e_events","size":32768,"rows":"8"},{"name":"wp_links","size":32768,"rows":"0"},{"name":"wp_term_relationships","size":32768,"rows":"7"},{"name":"wp_commentmeta","size":49152,"rows":"0"},{"name":"wp_term_taxonomy","size":49152,"rows":"6"},{"name":"wp_termmeta","size":49152,"rows":"0"},{"name":"wp_terms","size":49152,"rows":"7"},{"name":"wp_usermeta","size":49152,"rows":"35"},{"name":"wp_users","size":65536,"rows":"0"},{"name":"wp_comments","size":98304,"rows":"0"},{"name":"wp_postmeta","size":229376,"rows":"358"},{"name":"wp_options","size":3227648,"rows":"209"},{"name":"wp_posts","size":9961472,"rows":"520"}],"dump_db":1,"file_type":"databases","home_url":"http:\/\/sayna-travel-wordpress.local","root_flag":"custom","php_version":"8.1.9","mysql_version":"8.0.16","wp_version":"6.2.2","file":"sayna-travel-wordpress.local_wpvivid-64b4d4e3657c3_2023-07-17-08-42_backup_db.part001.zip"},"sayna-travel-wordpress.local_wpvivid-64b4d4e3657c3_2023-07-17-08-42_backup_themes.zip":{"file_type":"themes","root_flag":"wp-content","php_version":"8.1.9","mysql_version":"8.0.16","wp_version":"6.2.2","themes":{"blocksy-child":{"slug":"blocksy-child"},"blocksy":{"slug":"blocksy"},"twentytwentyone":{"slug":"twentytwentyone"},"twentytwentythree":{"slug":"twentytwentythree"},"twentytwentytwo":{"slug":"twentytwentytwo"}},"file":"sayna-travel-wordpress.local_wpvivid-64b4d4e3657c3_2023-07-17-08-42_backup_themes.part001.zip"},"sayna-travel-wordpress.local_wpvivid-64b4d4e3657c3_2023-07-17-08-42_backup_plugin.zip":{"file_type":"plugin","root_flag":"wp-content","php_version":"8.1.9","mysql_version":"8.0.16","wp_version":"6.2.2","plugin":{"blocksy-companion":{"slug":"blocksy-companion"},"stackable-ultimate-gutenberg-blocks":{"slug":"stackable-ultimate-gutenberg-blocks"}},"file":"sayna-travel-wordpress.local_wpvivid-64b4d4e3657c3_2023-07-17-08-42_backup_plugin.part001.zip"},"sayna-travel-wordpress.local_wpvivid-64b4d4e3657c3_2023-07-17-08-42_backup_uploads.zip":{"file_type":"upload","root_flag":"wp-content","php_version":"8.1.9","mysql_version":"8.0.16","wp_version":"6.2.2","file":"sayna-travel-wordpress.local_wpvivid-64b4d4e3657c3_2023-07-17-08-42_backup_uploads.part001.zip"},"sayna-travel-wordpress.local_wpvivid-64b4d4e3657c3_2023-07-17-08-42_backup_content.zip":{"file_type":"wp-content","root_flag":"wp-content","php_version":"8.1.9","mysql_version":"8.0.16","wp_version":"6.2.2","file":"sayna-travel-wordpress.local_wpvivid-64b4d4e3657c3_2023-07-17-08-42_backup_content.part001.zip"},"sayna-travel-wordpress.local_wpvivid-64b4d4e3657c3_2023-07-17-08-42_backup_core.zip":{"file_type":"wp-core","include_path":["wp-includes","wp-admin"],"wp_core":1,"root_flag":"root","home_url":"http:\/\/sayna-travel-wordpress.local","file":"sayna-travel-wordpress.local_wpvivid-64b4d4e3657c3_2023-07-17-08-42_backup_core.part001.zip"}},"file":"sayna-travel-wordpress.local_wpvivid-64b4d4e3657c3_2023-07-17-08-42_backup_all.part001.zip"}